Track URI,Track Name,Album Name,Artist Name(s),Release Date,Duration (ms),Popularity,Explicit,Added By,Added At,Genres,Record Label,Danceability,Energy,Key,Loudness,Mode,Speechiness,Acousticness,Instrumentalness,Liveness,Valence,Tempo,Time Signature
spotify:track:6rjuKpPydT2SxN15TZpV7r,"500lbs","TEC","Lil Tecca",2023-09-22,144390,79,true,31rantt4mpkks7hljzrzl2psvb2y,2024-02-23T18:57:47Z,"melodic rap,rap","Galactic Records/Lil Tecca",0.724,0.779,7,-5.412,0,0.0807,0.098,0,0.127,0.53,123.013,4
spotify:track:0ITaSRuI0L1RNL7ZNYTTi7,"U Are My High (with Future)","U Are My High (with Future)","DJ Snake;Future",2021-12-03,211200,72,false,31rantt4mpkks7hljzrzl2psvb2y,2024-02-23T18:58:00Z,"rap","DJ Snake Music Productions Limited",0.602,0.824,0,-4.087,0,0.0547,0.0867,0,0.0947,0.442,125.147,4
spotify:track:5wG3HvLhF6Y5KTGlK0IW3J,"Trance (with Travis Scott & Young Thug)","HEROES & VILLAINS","Metro Boomin;Travis Scott;Young Thug",2022-12-02,194786,81,true,31rantt4mpkks7hljzrzl2psvb2y,2024-02-23T18:58:05Z,"rap,melodic rap,trap","Republic Records",0.765,0.552,1,-7.524,0,0.309,0.175,0,0.193,0.492,119.476,4
spotify:track:52NGJPcLUzQq5w7uv4e5gf,"Private Landing (feat. Justin Bieber & Future)","Love Sick","Don Toliver;Justin Bieber;Future",2023-02-24,238253,77,true,31rantt4mpkks7hljzrzl2psvb2y,2024-02-23T18:58:10Z,"rap","Cactus Jack / Atlantic",0.858,0.641,1,-4.31,0,0.0954,0.111,0.0000212,0.109,0.445,136.991,4
spotify:track:2lXQX3uhFHRYGBE6xR3tic,"Never Lose Me (feat. Lil Yachty)","Never Lose Me (feat. Lil Yachty)","Flo Milli;Lil Yachty",2023-12-01,165245,59,true,31rantt4mpkks7hljzrzl2psvb2y,2024-02-23T18:58:22Z,"","'94 Sounds/RCA Records",0.786,0.504,1,-7.678,1,0.0938,0.0332,0,0.0979,0.346,121.967,4
spotify:track:2yUzr8Sr6ldG8vmHhZwTnz,"née-nah","american dream","21 Savage;Travis Scott;Metro Boomin",2024-01-12,220584,70,true,31rantt4mpkks7hljzrzl2psvb2y,2024-02-23T18:58:27Z,"rap","Slaughter Gang, LLC/Epic Records",0.681,0.758,1,-6.524,1,0.188,0.00465,0,0.555,0.331,165.409,4
spotify:track:4kjI1gwQZRKNDkw1nI475M,"MY EYES","UTOPIA","Travis Scott",2023-07-28,251249,80,true,31rantt4mpkks7hljzrzl2psvb2y,2024-02-23T18:58:32Z,"rap","Cactus Jack/Epic",0.455,0.621,0,-7.694,0,0.0517,0.651,0.00000259,0.123,0.28,119.043,4
spotify:track:52eIcoLUM25zbQupAZYoFh,"redrum","american dream","21 Savage",2024-01-12,270697,78,true,31rantt4mpkks7hljzrzl2psvb2y,2024-02-23T18:58:43Z,"","Slaughter Gang, LLC/Epic Records",0.625,0.733,2,-8.757,1,0.0488,0.00598,0.000983,0.375,0.244,172.09,4
spotify:track:50kWigrg0O9DFUzzbgJMZO,"jersey luv","jersey luv","GROOVY;B Jack$",2023-02-01,231090,57,true,31rantt4mpkks7hljzrzl2psvb2y,2024-02-23T18:59:15Z,"jersey club,sexy drill","Defiant Records/Warner Records",0.347,0.698,1,-6.691,0,0.186,0.524,0,0.127,0.312,156.122,4
spotify:track:57wp7VFnV8X0pSVnYArGeJ,"Whatever She Wants","Whatever She Wants","Bryson Tiller",2024-02-13,161342,77,true,31rantt4mpkks7hljzrzl2psvb2y,2024-02-23T18:59:43Z,"trap soul,r&b","TrapSoul/RCA Records",0.803,0.512,9,-6.871,0,0.066,0.128,0,0.0928,0.435,96.02,4
spotify:track:7iTTWHbr4tAlsRJN4m4bay,"Strike (Holster)","Strike (Holster)","Lil Yachty",2023-04-07,148115,61,true,31rantt4mpkks7hljzrzl2psvb2y,2024-02-23T18:59:51Z,"","Quality Control Music/Motown Records",0.854,0.639,8,-5.261,1,0.208,0.0695,0,0.0698,0.7,143,4
spotify:track:2GAhgAjOhEmItWLfgisyOn,"Low","SOS","SZA",2022-12-09,181080,75,true,31rantt4mpkks7hljzrzl2psvb2y,2024-02-23T18:59:57Z,"r&b","Top Dawg Entertainment/RCA Records",0.698,0.546,0,-7.234,0,0.0559,0.425,0.00314,0.16,0.335,145.044,4
spotify:track:7EB2UpfRbS4QVjZQlKLi3Z,"Promise U That","Future Hndrxx Presents: The WIZRD","Future",2019-01-18,205422,52,true,31rantt4mpkks7hljzrzl2psvb2y,2024-02-23T19:00:23Z,"rap","Epic/Freebandz",0.638,0.568,1,-6.579,0,0.159,0.338,0,0.487,0.446,127.806,4
spotify:track:2hyfepwCRQsenxVLzsaOtA,"Her Way","PARTYNEXTDOOR TWO","PARTYNEXTDOOR",2014-07-29,216630,0,true,31rantt4mpkks7hljzrzl2psvb2y,2024-02-23T19:00:31Z,"dark r&b,r&b,trap soul","OVO Sound/Warner Records",0.545,0.487,1,-9.529,1,0.0285,0.0544,0.000885,0.0872,0.119,111.317,4
spotify:track:7CIvyuVoWcY0LgUYa1aR5J,"SOLO STEPPIN CRETE BOY","Slide","Lil Yachty",2023-08-04,149333,65,true,31rantt4mpkks7hljzrzl2psvb2y,2024-02-23T19:00:48Z,"","Quality Control Music/Motown Records",0.758,0.66,8,-6.799,0,0.0756,0.038,0,0.175,0.551,90.02,4
spotify:track:0TTOsyDKykWhCh3qDd9wMY,"Talibans","No Love","Byron Messia",2023-01-20,188737,62,true,31rantt4mpkks7hljzrzl2psvb2y,2024-02-23T19:00:54Z,"dancehall,afrobeats,afrobeat","Simple Stupid Records/Geffen Records",0.929,0.43,4,-9.338,0,0.206,0.571,0,0.105,0.498,102.991,4
spotify:track:1eEyUIZdsMrjdjm6Tiqsqp,"Life Has Changed","Life Has Changed","Alex Jean",2022-12-04,160964,0,false,31rantt4mpkks7hljzrzl2psvb2y,2024-02-23T19:00:59Z,"christian hip hop,gospel r&b,christian,christian pop","1095026 Records DK2",0.75,0.719,2,-3.187,1,0.261,0.216,0.0000261,0.101,0.438,83.582,4
spotify:track:5aIVCx5tnk0ntmdiinnYvw,"Water","Water","Tyla",2023-07-28,200255,82,false,31rantt4mpkks7hljzrzl2psvb2y,2024-02-23T19:01:34Z,"afrobeats","FAX Records/Epic",0.673,0.722,3,-3.495,0,0.0755,0.0856,0,0.137,0.519,117.187,4
spotify:track:2Hh3ETdQKrmSI3QS0hme7g,"Too Many Nights (feat. Don Toliver & with Future)","HEROES & VILLAINS","Metro Boomin;Future;Don Toliver",2022-12-02,199920,82,true,31rantt4mpkks7hljzrzl2psvb2y,2024-02-23T19:02:57Z,"rap","Republic Records",0.573,0.668,7,-4.356,0,0.0467,0.189,0.0000401,0.109,0.145,87.973,4
spotify:track:1bDbXMyjaUIooNwFE9wn0N,"Rich Flex","Her Loss","Drake;21 Savage",2022-11-04,239359,75,true,31rantt4mpkks7hljzrzl2psvb2y,2024-02-23T19:03:01Z,"rap","OVO / Republic Records",0.549,0.518,4,-9.39,0,0.257,0.0517,0.00000121,0.378,0.418,160.07,4
spotify:track:1icgLGTpX2fQXKRe4D7w2b,"BACK TO ME","VULTURES 1","¥$;Kanye West;Ty Dolla $ign",2024-02-09,295471,2,true,31rantt4mpkks7hljzrzl2psvb2y,2024-02-23T19:03:24Z,"rap,trap soul","Ye",0.809,0.788,1,-7.217,1,0.0889,0.00108,0,0.0625,0.344,95.637,4
spotify:track:48rsYvIQXUAtxcmIoStOaM,"ca$h $hit","a Gift & a Curse","Gunna",2023-06-16,131493,57,true,31rantt4mpkks7hljzrzl2psvb2y,2024-02-23T19:03:35Z,"melodic rap","300 Entertainment",0.795,0.55,7,-5.704,0,0.0882,0.123,0,0.0873,0.152,119.975,4
spotify:track:4HMop4Re0iucehmF7mgV27,"act ii: date @ 8","act ii: date @ 8","4batz",2023-12-15,113684,63,true,31rantt4mpkks7hljzrzl2psvb2y,2024-02-23T19:06:16Z,"","4Batz",0.741,0.451,0,-13.117,1,0.101,0.51,0.0000201,0.403,0.558,136.48,4
spotify:track:24A1MxM364lveyyDomwIYq,"act i: stickerz ""99""","act i: stickerz ""99""","4batz",2023-06-27,104468,52,false,31rantt4mpkks7hljzrzl2psvb2y,2024-02-23T19:07:20Z,"","4Batz",0.483,0.22,8,-16.585,1,0.0864,0.456,0.00554,0.112,0.326,153.722,4
spotify:track:5Ryu0SlsYjKh78RkJUONFr,"Flex Up (feat. Future & Playboi Carti)","Lil Boat 3.5","Lil Yachty;Future;Playboi Carti",2020-11-27,170858,72,true,31rantt4mpkks7hljzrzl2psvb2y,2024-02-23T19:07:27Z,"rap,rage rap","Quality Control Music/Motown Records",0.829,0.667,9,-5.366,1,0.166,0.000523,0.000521,0.048,0.545,160.082,4
spotify:track:3kfhS2L56Wj8fBcu7xE47H,"Turks & Caicos (feat. 21 Savage)","Nostalgia","Rod Wave;21 Savage",2023-09-15,203345,68,true,31rantt4mpkks7hljzrzl2psvb2y,2024-02-23T19:07:38Z,"","Alamo",0.541,0.659,0,-7.539,1,0.154,0.0794,0,0.197,0.301,102.417,5
spotify:track:1sxGIhaxY8eF52e1TlShSP,"Pardon Me (Lil Yachty feat. Future & Mike WiLL Made-It)","Lil Boat 3","Lil Yachty;Future;Mike WiLL Made-It",2020-05-29,178900,70,true,31rantt4mpkks7hljzrzl2psvb2y,2024-02-23T19:08:18Z,"rap","Quality Control Music/Motown Records",0.887,0.597,6,-6.66,0,0.281,0.0704,0,0.178,0.477,129.976,4
spotify:track:1zgHn1EqUyA0HqNYMdJ5ia,"Best Time","Larger Than Life","Brent Faiyaz",2023-10-27,82508,74,true,31rantt4mpkks7hljzrzl2psvb2y,2024-02-23T19:09:12Z,"r&b","ISO Supremacy under exclusive license to UnitedMasters LLC",0.81,0.307,9,-7.215,1,0.12,0.16,0.00298,0.0779,0.697,92.995,4
spotify:track:6Kj17Afjo1OKJYpf5VzCeo,"Pain 1993 (with Playboi Carti)","Dark Lane Demo Tapes","Drake;Playboi Carti",2020-05-01,149077,72,true,31rantt4mpkks7hljzrzl2psvb2y,2024-02-23T19:09:20Z,"rap,rage rap","OVO",0.825,0.373,5,-5.532,0,0.108,0.163,0,0.368,0.12,77.271,4
spotify:track:7KVPsVMOK3NL7subwJ0dZj,"Who You Foolin","Drip or Drown 2","Gunna",2019-02-22,151539,73,true,31rantt4mpkks7hljzrzl2psvb2y,2024-02-23T19:11:34Z,"melodic rap","300 Entertainment",0.916,0.756,0,-7.653,1,0.188,0.0942,0,0.23,0.756,115.69,4
spotify:track:5QDGKcQLqOJvoiu8eScEaM,"Let Em' Know","T R A P S O U L","Bryson Tiller",2015-10-02,261880,76,true,31rantt4mpkks7hljzrzl2psvb2y,2024-02-23T19:11:54Z,"trap soul,r&b","TrapSoul/RCA Records",0.489,0.406,9,-11.44,1,0.232,0.0336,0,0.344,0.178,110.551,4
spotify:track:293mQGfVwgXIOdA1GpiwAt,"Love & War","Back For Everything","Kodak Black",2022-02-25,239146,69,true,31rantt4mpkks7hljzrzl2psvb2y,2024-02-23T19:12:33Z,"","Atlantic Records",0.762,0.649,11,-5.624,0,0.0527,0.58,0.000017,0.0971,0.501,145.09,4
spotify:track:6LyAwkJsHlW7RQ8S1cYAtM,"Overdue (with Travis Scott)","NOT ALL HEROES WEAR CAPES (Deluxe)","Metro Boomin;Travis Scott",2018-11-06,166093,73,true,31rantt4mpkks7hljzrzl2psvb2y,2024-02-23T19:13:18Z,"rap","Republic Records",0.634,0.401,11,-11.212,0,0.0446,0.731,0.000132,0.334,0.494,150.174,4
spotify:track:2xB46Bj9HZ4cr058yN4Pla,"Secrets","Artist 2.0 (Deluxe)","A Boogie Wit da Hoodie",2020-06-19,133331,71,true,31rantt4mpkks7hljzrzl2psvb2y,2024-02-23T19:13:27Z,"melodic rap","Highbridge the Label / Atlantic Records",0.539,0.648,4,-6.008,1,0.0619,0.118,0,0.362,0.403,91.066,4
spotify:track:6hAsChsFiKALkmIishhyVT,"Need Me","TEC","Lil Tecca",2023-09-22,140659,54,true,31rantt4mpkks7hljzrzl2psvb2y,2024-02-23T19:13:42Z,"melodic rap,rap","Galactic Records/Lil Tecca",0.697,0.635,1,-6.012,0,0.242,0.455,0,0.538,0.72,100.045,4
spotify:track:5SWnsxjhdcEDc7LJjq9UHk,"Runnin","SAVAGE MODE II","21 Savage;Metro Boomin",2020-10-02,195906,76,true,31rantt4mpkks7hljzrzl2psvb2y,2024-02-23T19:15:19Z,"","Slaughter Gang, LLC/Epic/Boominati Worldwide/Republic",0.819,0.626,10,-4.574,0,0.202,0.00748,0.101,0.167,0.415,143.01,4
spotify:track:34tz0eDhGuFErIuW3q4mPX,"On BS","Her Loss","Drake;21 Savage",2022-11-04,261543,69,true,31rantt4mpkks7hljzrzl2psvb2y,2024-02-23T19:15:25Z,"rap","OVO / Republic Records",0.842,0.367,9,-7.273,1,0.643,0.017,0,0.159,0.363,157.996,4
spotify:track:0FA4wrjDJvJTTU8AepZTup,"Watch This - ARIZONATEARS Pluggnb Remix","Watch This (ARIZONATEARS Pluggnb Remix)","Lil Uzi Vert;sped up nightcore;ARIZONATEARS",2023-02-05,163139,72,true,31rantt4mpkks7hljzrzl2psvb2y,2024-02-23T19:15:36Z,"melodic rap,nightcore","sped up nightcore",0.686,0.897,11,-7.18,0,0.0386,0.0103,0.103,0.153,0.355,129.975,4
spotify:track:35gu7pEQ2gOLUvskspCD3Y,"Bachelor","Bachelor","Turbo;Gunna",2023-11-03,241533,57,true,31rantt4mpkks7hljzrzl2psvb2y,2024-02-23T19:15:55Z,"melodic rap","300 Entertainment",0.805,0.63,1,-6.467,0,0.174,0.225,0,0.204,0.567,129.232,4
spotify:track:4GXl8l1MfZPf2GvpyRPJBf,"pick up the phone (feat. Quavo)","pick up the phone (feat. Quavo)","Young Thug;Travis Scott;Quavo",2016-06-03,252262,68,true,31rantt4mpkks7hljzrzl2psvb2y,2024-02-23T19:18:01Z,"rap,melodic rap,trap","Cactus Jack / Epic",0.706,0.716,7,-4.263,0,0.0768,0.115,0,0.316,0.459,136.904,4
spotify:track:1wGpEisE7VmhhSazD8hZ5l,"ROLE MODEL","WASTELAND","Brent Faiyaz",2022-07-08,194009,71,true,31rantt4mpkks7hljzrzl2psvb2y,2024-02-23T19:18:50Z,"r&b","Lost Kids LLC., Marketed by Venice / Stem",0.606,0.544,10,-7.968,0,0.0421,0.0285,0.00000488,0.152,0.335,90.104,4
spotify:track:16bHRxM89ue0TiCKARYbRp,"Sorry Not Sorry","T R A P S O U L","Bryson Tiller",2015-10-02,200760,66,true,31rantt4mpkks7hljzrzl2psvb2y,2024-02-23T19:19:13Z,"trap soul,r&b","TrapSoul/RCA Records",0.681,0.608,1,-6.093,1,0.207,0.0477,0,0.225,0.262,97.934,4
spotify:track:4RoKNqyZ9622tcAeNPNv5k,"City Boys","I Told Them...","Burna Boy",2023-08-24,153346,69,true,31rantt4mpkks7hljzrzl2psvb2y,2024-02-23T19:20:53Z,"afrobeats,afrobeat,afropop,afroswing,dancehall,afropiano","Spaceship/ Bad Habit/Atlantic Records",0.832,0.612,2,-7.58,0,0.141,0.065,0,0.132,0.591,100.013,4
spotify:track:5YbPxJwPfrj7uswNwoF1pJ,"Last Last","Love, Damini","Burna Boy",2022-07-07,172342,68,false,31rantt4mpkks7hljzrzl2psvb2y,2024-02-23T19:21:23Z,"afrobeats,afrobeat,afropop,afroswing,dancehall,afropiano","Spaceship/ Bad Habit/Atlantic Records",0.795,0.565,3,-4.457,0,0.0948,0.131,0,0.0802,0.55,87.925,4
spotify:track:3U21A07gAloCc4P7J8rxcn,"All Mine","ye","Kanye West",2018-06-01,145506,68,true,31rantt4mpkks7hljzrzl2psvb2y,2024-02-23T19:23:09Z,"rap","Getting Out Our Dreams, Inc./Def Jam Recordings",0.925,0.31,11,-6.531,0,0.291,0.123,0,0.0931,0.291,121.927,4
spotify:track:5ZJGv7aGdIr9IGpxzSG18T,"Everybody (feat. Lil Uzi Vert)","Pink Friday 2","Nicki Minaj;Lil Uzi Vert",2023-12-08,180869,64,true,31rantt4mpkks7hljzrzl2psvb2y,2024-02-23T19:23:27Z,"melodic rap","Republic Records",0.737,0.774,11,-5.525,0,0.257,0.0262,0,0.238,0.428,137.959,4
spotify:track:1eaqMiiUn2P7MnqJK4XeK0,"TALKING","VULTURES 1","¥$;Kanye West;Ty Dolla $ign",2024-02-09,185110,0,true,31rantt4mpkks7hljzrzl2psvb2y,2024-02-23T19:25:21Z,"rap,trap soul","Ye",0.463,0.453,9,-9.572,1,0.16,0.407,0.00000178,0.207,0.334,148.741,4
spotify:track:3X5M53Xi5k1SijRtZMM3TA,"Te Boté - Remix","Now Or Never","Nio Garcia;Casper Magico;Bad Bunny;Darell;Ozuna;Nicky Jam",2020-07-24,417920,64,true,31rantt4mpkks7hljzrzl2psvb2y,2024-02-23T19:27:07Z,"reggaeton,trap latino,urbano latino,latin,dembow","Flow La Movie, Inc.",0.903,0.675,11,-3.445,0,0.214,0.543,0.0000129,0.0595,0.442,96.507,4
spotify:track:1n4eqIG0RRUCuPT4vnsVlv,"The Bees Knees","Death Race For Love (Bonus Track Version)","Juice WRLD",2019-03-08,325809,60,true,31rantt4mpkks7hljzrzl2psvb2y,2024-02-23T19:27:19Z,"melodic rap,emo rap","Grade A Productions/Interscope Records",0.427,0.724,0,-4.751,1,0.0844,0.125,0,0.749,0.289,140.027,4
spotify:track:39JofJHEtg8I4fSyo7Imft,"B.O.T.A. (Baddest Of Them All) - Edit","B.O.T.A. (Baddest Of Them All)","Eliza Rose;Interplanetary Criminal",2022-08-12,226626,71,false,31rantt4mpkks7hljzrzl2psvb2y,2024-02-23T19:28:00Z,"house,uk garage,breakbeat","Warner Records",0.733,0.921,0,-7.077,1,0.0446,0.161,0.662,0.122,0.729,136.996,4
spotify:track:4nFrcGM7MY1mpoQCC7Kefj,"Me & U","Me & U","Tems",2023-10-05,192935,66,false,31rantt4mpkks7hljzrzl2psvb2y,2024-02-23T19:28:49Z,"afrobeats,afro r&b,alté,afrobeat","RCA Records/Since 93'",0.775,0.662,10,-7.755,1,0.0408,0.117,0.0648,0.0928,0.257,112.014,4
spotify:track:587Ks4sb6Wd2qRVS5i9fdW,"Big Foot","Big Foot","Nicki Minaj",2024-01-29,262268,44,true,31rantt4mpkks7hljzrzl2psvb2y,2024-02-27T17:51:26Z,"","Republic Records",0.622,0.583,1,-11.933,1,0.534,0.221,0,0.299,0.129,96.915,4
spotify:track:7sTyAjxDXq9afwfSQy6D0s,"BANDIT","Bandit","Don Toliver",2024-02-01,147746,67,true,31rantt4mpkks7hljzrzl2psvb2y,2024-02-27T18:13:42Z,"","Cactus Jack / Atlantic",0.686,0.733,2,-5.268,1,0.0576,0.00567,0,0.246,0.141,130.095,4
spotify:track:24FUBxaAYSBlWsbSnEzDcn,"Members Only (feat. PARTYNEXTDOOR)","For All The Dogs","Drake;PARTYNEXTDOOR",2023-10-06,277720,67,true,31rantt4mpkks7hljzrzl2psvb2y,2024-03-02T21:58:39Z,"rap,dark r&b,r&b,trap soul","OVO/Republic",0.647,0.34,2,-8.795,0,0.0496,0.245,0,0.107,0.176,91.998,4
spotify:track:3OxL6MuctgZp1e0zxoAZhH,"Young Metro","WE DON'T TRUST YOU","Future;Metro Boomin;The Weeknd",2024-03-22,205346,69,true,31rantt4mpkks7hljzrzl2psvb2y,2024-03-28T18:43:49Z,"rap","Wilburn Holding Co./Boominati/Epic/Republic",0.716,0.664,6,-7.297,0,0.0571,0.11,0,0.11,0.209,112.054,4
spotify:track:6XpEm7VJ7TZxZTawH8BCSW,"Jump","TYLA","Tyla;Gunna;Skillibeng",2024-03-22,147071,72,false,31rantt4mpkks7hljzrzl2psvb2y,2024-04-10T18:55:58Z,"afrobeats,melodic rap,dancehall","FAX Records/Epic",0.79,0.716,10,-3.446,0,0.0929,0.0297,0.0000187,0.213,0.627,100.104,4
spotify:track:7gNXY29SaVv9rN4z2oQhvz,"NO IDEA #jerseyclub - Ziahfyah & Indo2x Remix","NO IDEA #jerseyclub (Ziahfyah & Indo2x Remix)","Don Toliver;Indo2x;Ziahfyah",2022-11-13,156943,56,true,31rantt4mpkks7hljzrzl2psvb2y,2024-05-20T19:51:25Z,"jersey club,philly club,baltimore club,sexy drill","Cactus Jack / Atlantic",0.772,0.426,5,-12.239,0,0.0844,0.462,0.916,0.115,0.414,124.01,4
spotify:track:7FzUJj4UzBlswK4EmF6BDK,"R e a l W o m a n","PARTYNEXTDOOR 4 (P4)","PARTYNEXTDOOR",2024-04-26,194733,61,true,31rantt4mpkks7hljzrzl2psvb2y,2024-05-20T20:03:18Z,"dark r&b,r&b,trap soul","OVO Sound",0.68,0.613,6,-7.506,1,0.0544,0.554,0.0000129,0.085,0.14,89.942,4
spotify:track:2LHJHzuCQV0VQHJOdNufjH,"R e s e n t m e n t","PARTYNEXTDOOR 4 (P4)","PARTYNEXTDOOR",2024-04-26,224187,57,false,31rantt4mpkks7hljzrzl2psvb2y,2024-05-20T20:03:25Z,"dark r&b,r&b,trap soul","OVO Sound",0.572,0.228,5,-15.529,1,0.0398,0.616,0.0238,0.121,0.333,94.164,4
spotify:track:5Se32hEA9raeboZerywxka,"You Broke My Heart","For All The Dogs Scary Hours Edition","Drake",2023-11-17,230709,75,true,31rantt4mpkks7hljzrzl2psvb2y,2024-05-20T20:03:38Z,"rap","OVO/Republic",0.465,0.7,10,-5.163,0,0.0893,0.203,0,0.299,0.276,120.854,4
spotify:track:0KFXE2mLTFdOKkTZEDgJPv,"ATTITUDE (FEAT. CHARLIE WILSON & CASH COBAIN)","Attitude (feat. Charlie Wilson & Cash Cobain)","Don Toliver;Charlie Wilson;Cash Cobain",2024-05-22,161053,56,true,31rantt4mpkks7hljzrzl2psvb2y,2024-06-05T22:36:15Z,"sexy drill,jersey club","Cactus Jack / Atlantic",0.65,0.655,2,-5.43,1,0.0385,0.0285,0,0.159,0.432,154.993,4
spotify:track:6EUcP55GlbmsmCzfL2vxtZ,"on one tonight","One of Wun","Gunna",2024-05-10,90760,79,true,31rantt4mpkks7hljzrzl2psvb2y,2024-06-10T23:15:08Z,"melodic rap","300 Entertainment",0.887,0.727,4,-4.318,0,0.135,0.381,0.00000116,0.213,0.932,130.035,4
spotify:track:4I4G0LD277PWvfblYtSf91,"Needle (feat. Drake)","Pink Friday 2","Nicki Minaj;Drake",2023-12-08,235689,60,true,31rantt4mpkks7hljzrzl2psvb2y,2024-07-01T17:33:03Z,"rap","Republic Records",0.81,0.589,7,-7.271,1,0.103,0.273,0.00133,0.141,0.347,109.997,4
spotify:track:4Xzq2WibDHR5Eufi21HlEZ,"should've wore a bonnet","american dream","21 Savage;Brent Faiyaz",2024-01-12,186770,62,true,31rantt4mpkks7hljzrzl2psvb2y,2024-07-05T21:06:54Z,"r&b","Slaughter Gang, LLC/Epic Records",0.607,0.762,7,-5.305,1,0.0676,0.0441,0,0.348,0.428,144.961,4
spotify:track:5wttBUDyaHAR5q9fYnN3YF,"prove it","american dream","21 Savage;Summer Walker",2024-01-12,207585,73,true,31rantt4mpkks7hljzrzl2psvb2y,2024-07-05T21:06:56Z,"r&b","Slaughter Gang, LLC/Epic Records",0.565,0.743,6,-5.425,0,0.172,0.377,0,0.23,0.266,133.924,4
spotify:track:4lH6nENd1y81jp7Yt9lTBX,"Solo","HNDRXX","Future",2017-07-27,265996,81,true,31rantt4mpkks7hljzrzl2psvb2y,2024-07-05T21:07:01Z,"rap","Epic/Freebandz/A1",0.784,0.486,5,-6.497,0,0.0475,0.0538,0.497,0.101,0.0894,110.964,4
spotify:track:0lEjxUUlKqjqXrVlIHFduD,"P power (feat. Drake)","DS4EVER","Gunna;Drake",2022-01-13,193346,75,true,31rantt4mpkks7hljzrzl2psvb2y,2024-07-05T21:07:06Z,"melodic rap,rap","300 Entertainment",0.828,0.591,1,-6.217,1,0.109,0.0199,0.000323,0.361,0.202,119.251,4
spotify:track:0AYt6NMyyLd0rLuvr0UkMH,"Slime You Out (feat. SZA)","For All The Dogs","Drake;SZA",2023-10-06,310490,66,true,31rantt4mpkks7hljzrzl2psvb2y,2024-07-05T21:07:08Z,"rap,r&b","OVO/Republic",0.483,0.408,5,-9.243,0,0.0502,0.508,0,0.259,0.105,88.88,3
spotify:track:1yeB8MUNeLo9Ek1UEpsyz6,"Rich Baby Daddy (feat. Sexyy Red & SZA)","For All The Dogs","Drake;Sexyy Red;SZA",2023-10-06,319191,78,true,31rantt4mpkks7hljzrzl2psvb2y,2024-07-05T21:07:11Z,"rap,r&b","OVO/Republic",0.636,0.729,2,-4.495,1,0.055,0.0458,0,0.384,0.141,146.009,4
spotify:track:4rXLjWdF2ZZpXCVTfWcshS,"fukumean","a Gift & a Curse","Gunna",2023-06-16,125040,79,true,31rantt4mpkks7hljzrzl2psvb2y,2024-07-05T21:07:13Z,"melodic rap","300 Entertainment",0.847,0.622,1,-6.747,0,0.0903,0.119,0,0.285,0.22,130.001,4
spotify:track:0biVzpdI2z0vAxwfU9xuuA,"Too Comfortable","High Off Life","Future",2020-05-15,236818,70,true,31rantt4mpkks7hljzrzl2psvb2y,2024-07-05T21:07:19Z,"rap","Epic/Freebandz",0.935,0.472,3,-9.304,0,0.0575,0.0455,0,0.19,0.659,130.041,4
spotify:track:7qLr3HMApUbyDkUvgIvHnB,"Oh U Went (feat. Drake)","BUSINESS IS BUSINESS","Young Thug;Drake",2023-06-23,185333,65,true,31rantt4mpkks7hljzrzl2psvb2y,2024-07-05T21:07:20Z,"rap,melodic rap,trap","300 Entertainment/Atl",0.808,0.789,7,-5.88,0,0.236,0.0517,0,0.0819,0.465,136.01,4
spotify:track:7kp6XhIxrvNb8BgTwLjaEx,"WORTH IT (feat. Don Toliver)","SET IT OFF","Offset;Don Toliver",2023-10-13,188333,58,true,31rantt4mpkks7hljzrzl2psvb2y,2024-07-05T21:07:38Z,"","Motown Records",0.818,0.723,10,-5.037,0,0.0873,0.182,0,0.217,0.55,95.055,4
spotify:track:0eaVIYo2zeOaGJeqZ5TwYz,"No Pole","Love Sick (Deluxe)","Don Toliver",2023-02-28,187613,85,true,31rantt4mpkks7hljzrzl2psvb2y,2024-07-07T03:21:07Z,"","Cactus Jack / Atlantic",0.328,0.631,5,-5.169,0,0.0465,0.0714,0,0.567,0.382,85.262,4
spotify:track:5vJbI2rLIasG8eVSmxlq8f,"I've Been - Lost Tapes 2016","I've Been (Lost Tapes 2016)","Tory Lanez",2024-07-05,162501,58,true,31rantt4mpkks7hljzrzl2psvb2y,2024-07-22T21:29:44Z,"","One Umbrella Records",0.342,0.547,9,-10.626,0,0.183,0.0621,0,0.128,0.326,96.337,4
spotify:track:2k3IJR9hf34ZfEnTdlcoSK,"Bus Stop (feat. Brent Faiyaz)","Love Sick","Don Toliver;Brent Faiyaz",2023-02-24,236840,63,true,31rantt4mpkks7hljzrzl2psvb2y,2024-07-28T17:38:51Z,"r&b","Cactus Jack / Atlantic",0.603,0.684,7,-6.023,0,0.0887,0.378,0.00138,0.16,0.38,152.03,4
spotify:track:2nibvvDdAQkVraYP00z2RS,"Calling For You (feat. 21 Savage)","For All The Dogs","Drake;21 Savage",2023-10-06,285630,61,true,31rantt4mpkks7hljzrzl2psvb2y,2024-08-01T23:01:39Z,"rap","OVO/Republic",0.571,0.55,0,-6.567,1,0.106,0.0548,0,0.179,0.104,120.947,4
spotify:track:1YWE7cMqo4iVNdPTpH4Khj,"712PM","I NEVER LIKED YOU","Future",2022-05-02,173186,53,true,31rantt4mpkks7hljzrzl2psvb2y,2024-08-02T21:58:09Z,"rap","Epic/Freebandz",0.711,0.686,5,-6.409,0,0.271,0.0355,0,0.124,0.536,146.971,4
spotify:track:0Nem7CDbuhQnxmN6BcsXJ0,"Shibuya","11th Dimension","Ski Mask The Slump God",2024-06-07,156910,59,true,31rantt4mpkks7hljzrzl2psvb2y,2024-09-11T19:22:15Z,"","Republic Records / Victor Victor",0.613,0.869,11,-2.188,0,0.0416,0.000519,0,0.278,0.226,140,4
spotify:track:3TzgIJC8U7o57nx8xnWvnt,"hate will never win","? (Deluxe)","XXXTENTACION",2019-09-06,103986,61,true,31rantt4mpkks7hljzrzl2psvb2y,2024-09-19T03:54:32Z,"emo rap","Bad Vibes Forever, LLC",0.556,0.426,10,-6.964,0,0.312,0.811,0.00000188,0.127,0.676,89.384,4
spotify:track:3eP13S8D5m2cweMEg3ZDed,"Virginia Beach","For All The Dogs","Drake",2023-10-06,251094,74,true,31rantt4mpkks7hljzrzl2psvb2y,2024-10-05T18:11:33Z,"rap","OVO/Republic",0.402,0.514,1,-7.322,0,0.0471,0.106,0,0.181,0.2,120.009,4
spotify:track:3xby7fOyqmeON8jsnom0AT,"Nightcrawler (feat. Swae Lee & Chief Keef)","Rodeo","Travis Scott;Swae Lee;Chief Keef",2015-09-04,321560,77,true,31rantt4mpkks7hljzrzl2psvb2y,2024-10-05T18:11:57Z,"rap,chicago drill,drill","Cactus Jack / Epic",0.522,0.731,3,-3.803,0,0.0325,0.0013,0,0.132,0.179,124.055,4
spotify:track:28xOPIPw0joNPwYd0asIT5,"Fried (She a Vibe)","WE DON'T TRUST YOU","Future;Metro Boomin",2024-03-22,210173,66,true,31rantt4mpkks7hljzrzl2psvb2y,2024-10-05T18:12:03Z,"rap","Wilburn Holding Co./Boominati/Epic/Republic",0.833,0.688,6,-4.581,0,0.197,0.00211,0,0.719,0.375,145.03,4
spotify:track:5vDNippoMr52KpXBO9b9KQ,"Coffin","Lil Boat 3.5","Lil Yachty",2020-11-27,89535,67,true,31rantt4mpkks7hljzrzl2psvb2y,2024-10-05T18:12:13Z,"","Quality Control Music/Motown Records",0.92,0.547,6,-4.98,0,0.272,0.0241,0.00000145,0.0998,0.606,138.05,4
spotify:track:4Kup1kDTLoJaUMgpGFPqau,"Married To The Game","Project E.T.","Future",2016-10-13,130037,66,true,31rantt4mpkks7hljzrzl2psvb2y,2024-10-05T18:12:28Z,"rap","101 Distribution",0.827,0.544,1,-5.686,1,0.05,0.0799,0.00000197,0.156,0.175,143.014,4
spotify:track:5GCU2LJWPzoP8Q6nexs61z,"Let's Go","Glockoma 2 (Deluxe)","Key Glock",2023-06-23,140106,71,true,31rantt4mpkks7hljzrzl2psvb2y,2024-10-05T18:12:42Z,"","Paper Route EMPIRE",0.654,0.636,8,-6.904,1,0.0845,0.00258,0,0.412,0.267,75.486,4
spotify:track:32TTewBmtmhUmYxS1ajqaJ,"hakuna matata","One of Wun","Gunna",2024-05-10,127853,76,true,31rantt4mpkks7hljzrzl2psvb2y,2024-10-05T18:13:03Z,"melodic rap","300 Entertainment",0.926,0.726,5,-4.669,0,0.227,0.282,0,0.11,0.69,137.975,4
spotify:track:11pEKMLmavDu8fxOB5QjbQ,"Pipe Down","Certified Lover Boy","Drake",2021-09-03,205721,74,true,31rantt4mpkks7hljzrzl2psvb2y,2024-10-05T18:13:06Z,"rap","OVO",0.518,0.69,9,-6.15,1,0.107,0.128,0,0.176,0.59,77.837,4
spotify:track:1560osUcXrnov6yuOjXvc1,"No Face","No Face","Drake",2024-08-31,137142,74,true,31rantt4mpkks7hljzrzl2psvb2y,2024-10-08T20:23:10Z,"rap","OVO",0.853,0.69,10,-5.858,1,0.0647,0.0771,0,0.0835,0.471,125.951,4
spotify:track:1SUQlEQUTsxZBU6KTmLh9n,"Lets Get On Dey Ass","Lets Get On Dey Ass","Lil Yachty",2024-07-19,161052,47,true,31rantt4mpkks7hljzrzl2psvb2y,2024-10-30T19:47:59Z,"","Quality Control Music/Motown Records",0.576,0.668,9,-3.662,1,0.0461,0.0000636,0.000128,0.38,0.165,151.956,4
spotify:track:4rgwri7LajWVZvdj2N81SS,"Catch Me Outside","You Will Regret (Reloaded)","Ski Mask The Slump God",2018-02-02,145760,63,true,31rantt4mpkks7hljzrzl2psvb2y,2024-12-23T01:31:50Z,"","Victor VM",0.943,0.677,7,-6.033,1,0.246,0.165,0,0.327,0.616,112.001,4
spotify:track:53KaP77tkliz36LPxWGlWK,"Fear Of Heights","For All The Dogs","Drake",2023-10-06,155154,60,true,31rantt4mpkks7hljzrzl2psvb2y,2025-01-07T01:52:01Z,"rap","OVO/Republic",0.697,0.32,7,-9.347,0,0.214,0.0127,0,0.18,0.0658,136.976,4
spotify:track:1Cbl3Yq8rHo7hhDQmLQagU,"PUSH 2 START","TYLA +","Tyla",2024-10-11,156825,82,false,31rantt4mpkks7hljzrzl2psvb2y,2025-01-16T19:48:23Z,"afrobeats","FAX Records/Epic",0.683,0.814,2,-3.505,1,0.0466,0.277,0.00826,0.0858,0.758,93.482,4
spotify:track:03rwnftfgpYVO6QDWOZcG6,"Drew A Picasso","For All The Dogs","Drake",2023-10-06,262768,66,true,31rantt4mpkks7hljzrzl2psvb2y,2025-01-18T21:19:17Z,"rap","OVO/Republic",0.709,0.377,7,-11.327,1,0.219,0.334,0,0.176,0.147,127.921,4
spotify:track:2X6b7zLdIxCejd6GqVcQ9M,"3005","Because the Internet","Childish Gambino",2013-12-10,234215,78,true,31rantt4mpkks7hljzrzl2psvb2y,2025-01-18T21:20:10Z,"","Glassnote - VMG",0.472,0.449,6,-7.272,0,0.326,0.113,0,0.0891,0.634,166.065,4
spotify:track:1eroCliWpJrEu1V7VSObcO,"Circadian Rhythm","100 GIGS","Drake",2024-08-30,126356,75,true,31rantt4mpkks7hljzrzl2psvb2y,2025-01-18T21:20:21Z,"rap","OVO/Republic",0.694,0.574,1,-6.144,0,0.0483,0.193,0,0.082,0.286,146.007,4
spotify:track:7DY756WOLyOz2Xnhw4EFiC,"São Paulo (feat. Anitta)","Hurry Up Tomorrow","The Weeknd;Anitta",2025-01-31,301623,84,true,31rantt4mpkks7hljzrzl2psvb2y,2025-02-12T03:58:36Z,"brazilian pop,funk pop,brazilian funk,funk carioca,pagode baiano","XO / Republic Records",0.538,0.658,5,-7.273,0,0.076,0.0385,0.000146,0.573,0.553,127.322,4
spotify:track:3YPEtDvQWStCH8eCq0Fl8Z,"Housekeeping Knows (feat. Latto)","100 GIGS","Drake;Latto",2024-08-30,186692,61,true,31rantt4mpkks7hljzrzl2psvb2y,2025-02-17T20:05:42Z,"rap","OVO/Republic",0.781,0.73,9,-5.77,1,0.0774,0.0058,0,0.0961,0.34,76.961,4
spotify:track:5Nz7hI3cCOHmMR4vSLJ1An,"GIMME A HUG","$ome $exy $ongs 4 U","Drake",2025-02-14,193054,73,true,31rantt4mpkks7hljzrzl2psvb2y,2025-02-17T20:06:08Z,"rap","OVO Sound",0.457,0.671,1,-5.53,1,0.0979,0.0643,0,0.0772,0.245,142.95,4
spotify:track:2u9S9JJ6hTZS3Vf22HOZKg,"NOKIA","$ome $exy $ongs 4 U","Drake",2025-02-14,241023,87,true,31rantt4mpkks7hljzrzl2psvb2y,2025-02-17T20:06:17Z,"rap","OVO Sound",0.537,0.727,5,-4.184,1,0.15,0.247,0,0.173,0.508,106.037,4
spotify:track:6JvIjI8H3yxpigROd3Cv9N,"Stuff (feat. Travis Scott)","WHAM (Extended Version)","Lil Baby;Travis Scott",2025-01-10,180666,76,true,31rantt4mpkks7hljzrzl2psvb2y,2025-02-17T20:52:06Z,"rap","Quality Control Music/Motown Records",0.839,0.68,8,-5.778,0,0.197,0.0072,0.00000137,0.159,0.762,119.99,4
spotify:track:0ByMNEPAPpOR5H69DVrTNy,"Don't Stop The Music","Good Girl Gone Bad: Reloaded","Rihanna",2008-06-02,267080,83,false,31rantt4mpkks7hljzrzl2psvb2y,2025-04-30T19:55:47Z,"","Def Jam Recordings",0.834,0.669,6,-5.582,0,0.0637,0.0341,0.0000718,0.0535,0.547,122.669,4
spotify:track:541sN2qNfIlllGn9nGOQoC,"Revolving door","So Close To What","Tate McRae",2025-02-21,180032,83,true,31rantt4mpkks7hljzrzl2psvb2y,2025-06-06T02:40:27Z,"","RCA Records Label",0.452,0.737,6,-6.22,1,0.27,0.354,0,0.105,0.179,147.822,4
spotify:track:4lwfqyQXSDJ7kELpMErMih,"Sorry Not Sorry","Sorry Not Sorry","Lil Yachty;Veeze",2024-08-16,136708,65,true,31rantt4mpkks7hljzrzl2psvb2y,2025-07-07T20:42:34Z,"","Quality Control Music/Motown Records",0.662,0.509,1,-9.159,1,0.322,0.247,0,0.266,0.549,157.94,4
spotify:track:000zYgBirXxgFkpAXOt0EB,"Catch Me Outside 2","Catch Me Outside 2","Ski Mask The Slump God",2025-07-04,126315,68,true,31rantt4mpkks7hljzrzl2psvb2y,2025-07-09T20:36:38Z,"","Victor Victor Worldwide Inc. / EMPIRE",0.931,0.559,6,-11.577,1,0.155,0.627,0.00000241,0.206,0.949,113.878,4
spotify:track:57GsLpRtEtrzcPGPop20rS,"What Did I Miss?","What Did I Miss?","Drake",2025-07-05,194324,84,true,31rantt4mpkks7hljzrzl2psvb2y,2025-07-09T21:16:55Z,"rap","OVO/Republic",0.753,0.802,0,-4.066,0,0.043,0.181,0,0.298,0.464,126.252,4
spotify:track:7AoojPsB5RqnlgmAbBTelz,"Cant Go Broke - Remix","Cant Go Broke (Remix)","ZEDDY WILL",2025-06-27,107777,78,true,31rantt4mpkks7hljzrzl2psvb2y,2025-07-15T20:42:00Z,"jersey club","Power Moves Inc",0.856,0.314,10,-11.037,0,0.144,0.0553,0,0.109,0.296,108.028,4
spotify:track:1rQEgtQNsj63xIUzEmKbML,"DUMBO","JACKBOYS 2","Travis Scott",2025-07-13,238249,78,true,31rantt4mpkks7hljzrzl2psvb2y,2025-07-16T23:31:49Z,"rap","Cactus Jack / Epic",0.786,0.692,0,-4.34,0,0.0369,0.0243,0.156,0.0829,0.293,137.008,4
spotify:track:1wFFFzJ5EsKbBWZriAcubN,"Family Matters","Family Matters","Drake",2024-05-03,456933,70,true,31rantt4mpkks7hljzrzl2psvb2y,2025-07-17T20:32:36Z,"rap","OVO/Republic",0.527,0.492,1,-9.774,1,0.279,0.0047,0,0.306,0.234,164.005,4
spotify:track:1097cG16gzkhlPgkUt6KA0,"CHAMPAIN & VACAY","CHAMPAIN & VACAY","Travis Scott;Don Toliver",2025-07-11,184789,70,true,31rantt4mpkks7hljzrzl2psvb2y,2025-07-19T00:21:41Z,"rap","Cactus Jack / Epic",0.54,0.692,0,-5.894,0,0.217,0.208,0,0.219,0.236,145.226,4
spotify:track:6YmZrYfrOd1ACzgsPmlliq,"SHYNE","SHYNE","Travis Scott;GloRilla",2025-07-11,193183,65,true,31rantt4mpkks7hljzrzl2psvb2y,2025-07-21T19:23:41Z,"rap","Cactus Jack / Epic",0.717,0.77,0,-5.45,1,0.174,0.0456,0,0.427,0.474,148.039,4
spotify:track:4OGN4GO4yqtWcj4152jJz9,"TaTaTa (feat. Travis Scott)","No Sign of Weakness","Burna Boy;Travis Scott",2025-07-10,150651,54,false,31rantt4mpkks7hljzrzl2psvb2y,2025-07-21T19:23:48Z,"afrobeats,afrobeat,afropop,afroswing,dancehall,afropiano,rap","Spaceship/ Bad Habit/Atlantic Records",0.859,0.491,10,-9.24,0,0.326,0.0536,0.00289,0.0747,0.708,124.019,4
spotify:track:5FMyXeZ0reYloRTiCkPprT,"Which One (feat. Central Cee)","Which One","Drake;Central Cee",2025-07-25,169134,87,true,31rantt4mpkks7hljzrzl2psvb2y,2025-07-25T14:23:39Z,"rap,uk drill,drill,uk grime,grime","OVO/Republic",0.91,0.498,7,-7.172,0,0.258,0.342,0.000517,0.163,0.501,120.02,4
spotify:track:0bAkoNrV5O0fNzbeGbGNCx,"rump punch","PLAY CASH COBAIN","Cash Cobain",2024-08-23,123037,55,true,31rantt4mpkks7hljzrzl2psvb2y,2025-07-29T02:14:52Z,"sexy drill,jersey club","Giant Music",0.537,0.491,5,-6.618,0,0.156,0.825,0.000281,0.11,0.201,157.033,4
spotify:track:0RXpkouVBWrZ1IbY0tYmlk,"Nationwide","The Lost Files","Ski Mask The Slump God",2025-07-30,120627,56,true,31rantt4mpkks7hljzrzl2psvb2y,2025-07-30T23:20:03Z,"","Very Rare & Co / EMPIRE",0.848,0.574,1,-7.767,1,0.184,0.373,0,0.197,0.702,118.906,4
spotify:track:5X3vL3tRWfegfhOdHrjJR3,"Broly","The Lost Files","Ski Mask The Slump God;XXXTENTACION",2025-07-30,75885,56,true,31rantt4mpkks7hljzrzl2psvb2y,2025-07-30T23:20:08Z,"emo rap","Very Rare & Co / EMPIRE",0.72,0.449,1,-9.616,1,0.04,0.00163,0.00000315,0.108,0.0962,118.972,5
spotify:track:5eSSmNIgjgzru9ONPvNNYf,"Feeeeeeeeel","Feeeeeeeeel","Cash Cobain",2025-07-10,133086,61,true,31rantt4mpkks7hljzrzl2psvb2y,2025-07-31T00:01:07Z,"sexy drill,jersey club","Giant Music",0.693,0.555,5,-4.854,1,0.224,0.371,0.00376,0.128,0.749,81.924,5
spotify:track:5wNIHa6wvCCKP6fWgo3UAh,"CHAMPAIN & VACAY","JACKBOYS 2","Travis Scott;Don Toliver",2025-07-13,184789,78,true,31rantt4mpkks7hljzrzl2psvb2y,2025-07-31T00:24:28Z,"rap","Cactus Jack / Epic",0.54,0.692,0,-5.894,0,0.217,0.208,0,0.219,0.236,145.226,4
spotify:track:4lUAlhQOVzhitQKjxrHVny,"SHYNE","JACKBOYS 2","Travis Scott;GloRilla",2025-07-13,193183,73,true,31rantt4mpkks7hljzrzl2psvb2y,2025-07-31T00:24:41Z,"rap","Cactus Jack / Epic",0.717,0.77,0,-5.45,1,0.174,0.0456,0,0.427,0.474,148.039,4
